Address,City,Country
Srbija, Novi Sad, Bul. Oslobođenja br 79
Srbija, Novi Sad, Šajkaška 37
Srbija, Novi Sad, Braće Ribnikar 7
Srbija, Novi Sad, Nikole Tesle 72
Srbija, Novi Sad, Rumenačka 106
Srbija, Novi Sad, Bulevar oslobođenja 127
Srbija, Novi Sad, Ilije Ognjanovića 1
Srbija, Novi Sad, Mičurinova 28
Srbija, Novi Sad, Subotička 41
Srbija, Novi Sad, Narodnog Fronta 20
Srbija, Novi Sad, Jovana Đorđevića 1
Srbija, Novi Sad, Laze Lazarevića br. 28
Srbija, Novi Sad, ul. Balzakova 44
Srbija, Novi Sad, ul.Cara Dušana 26
Srbija, Novi Sad, Bulevar Oslobođenja 65a
Srbija, Novi Sad, Nikole Pašića 16
Srbija, Novi Sad, Zmaj Jovina 28
Srbija, Novi Sad, Šumadijska 15
Srbija, Novi Sad, ul. Bulevar Oslobo?enja br 76A
Srbija, Novi Sad, ul. Alberta Ajnštajna 1
Srbija, Novi Sad, ul. Heroja Pinkija br 61
Srbija, Novi Sad, Vase Stajića 25
Srbija, Novi Sad, Doža Đerđa 25
Srbija, Novi Sad, Futoška 73
Srbija, Novi Sad, Bulevar Evrope 22
Srbija, Novi Sad, BULEVAR CARA LAZARA 79B 2
Srbija, Novi Sad, ul. S. Miletića 8 (I sprat)
Srbija, Novi Sad, ul. Svetosavska 7
Srbija, Novi Sad, Vršačka 21, Novi Sad
Srbija, Novi Sad, Futoška 73
Srbija, Novi Sad, BULEVAR CARA LAZARA 79B 2
Srbija, Novi Sad, Branimira Ćosića 13
Srbija, Novi Sad, Bulevar oslobođenja 127
Srbija, Novi Sad, Hadži Ruvimova 39
Srbija, Novi Sad, Danila Kiša 3 b
Srbija, Novi Sad, Rumenački put 114
Srbija, Novi Sad, Temerinski put 42
Srbija, Novi Sad, Temerinski put 43
Srbija, Novi Sad, Ise Bajića 12
Srbija, Novi Sad, Stevana Musića 17 prizemlje stan br.2
Srbija, Novi Sad, Uroša Predića 4
Srbija, Novi Sad, Futoški put 1
Srbija, Novi Sad, Nikole Pašića 17
